elapsed_seconds,time_label,temperature_C
0,0:00,28.5
1,0:01,28.8
2,0:02,28.5
3,0:03,28.3
5,0:05,28.5
6,0:06,28.3
7,0:07,28.3
8,0:08,28.8
9,0:09,28.5
11,0:11,28
12,0:12,28
13,0:13,28.8
14,0:14,28.3
15,0:15,28.8
16,0:16,28.5
17,0:17,28.5
19,0:19,28.3
20,0:20,28.3
21,0:21,28.3
22,0:22,28.5
23,0:23,28.5
24,0:24,28.8
25,0:25,28.3
26,0:26,28.8
27,0:27,28.8
28,0:28,28
30,0:30,28.8
31,0:31,28.8
32,0:32,29.3
33,0:33,29.8
34,0:34,29.8
35,0:35,29.8
36,0:36,30
37,0:37,31.3
38,0:38,31.5
40,0:40,32
41,0:41,33.8
42,0:42,33.8
43,0:43,34.5
44,0:44,34.5
45,0:45,36
46,0:46,36.3
47,0:47,38.3
48,0:48,39
49,0:49,40
51,0:51,41
52,0:52,41.5
53,0:53,43.5
54,0:54,44.8
55,0:55,45.8
56,0:56,47.5
57,0:57,48.8
59,0:59,50
60,1:00,51.3
61,1:01,52.8
62,1:02,54.3
63,1:03,55.5
64,1:04,57
65,1:05,58
67,1:07,60.5
68,1:08,61.8
69,1:09,63
70,1:10,64.5
71,1:11,66.5
72,1:12,68.3
73,1:13,69.5
75,1:15,71.5
76,1:16,72.8
77,1:17,74.8
78,1:18,76.3
79,1:19,77.3
80,1:20,78.8
81,1:21,80.5
82,1:22,83.3
83,1:23,84.8
84,1:24,86.5
86,1:26,88.8
87,1:27,90
88,1:28,92.8
89,1:29,94.8
90,1:30,95.5
91,1:31,97.8
93,1:33,100
94,1:34,102
95,1:35,104.5
96,1:36,106.3
97,1:37,107.5
99,1:39,110.3
100,1:40,111.8
101,1:41,113.5
102,1:42,115.3
103,1:43,116.8
104,1:44,118.5
105,1:45,121
106,1:46,122.5
107,1:47,124.3
109,1:49,127
110,1:50,128.8
111,1:51,130.5
112,1:52,131.5
113,1:53,134.5
114,1:54,136.3
116,1:56,138.8
117,1:57,140.5
118,1:58,142.3
119,1:59,144
120,2:00,146.3
121,2:01,147.5
122,2:02,149.8
123,2:03,151
124,2:04,153
125,2:05,154.5
127,2:07,157
128,2:08,158.5
129,2:09,160
130,2:10,161.8
131,2:11,163.8
132,2:12,165.8
133,2:13,167.8
134,2:14,169.3
136,2:16,171.5
137,2:17,172.8
138,2:18,175.5
139,2:19,176.8
140,2:20,178
141,2:21,179.8
143,2:23,182.5
144,2:24,184.3
145,2:25,185.8
146,2:26,188
147,2:27,189.8
149,2:29,191.8
150,2:30,193.3
151,2:31,195
152,2:32,196.5
153,2:33,198.3
154,2:34,200.8
155,2:35,202
158,2:38,203.3
159,2:39,206
160,2:40,209.3
161,2:41,211
162,2:42,212.8
163,2:43,214.3
165,2:45,216.3
166,2:46,218
167,2:47,219.5
168,2:48,221
169,2:49,222
170,2:50,223.8
171,2:51,224.8
172,2:52,227.5
173,2:53,228.8
174,2:54,230.3
175,2:55,232
176,2:56,233.3
179,2:59,234
180,3:00,238.3
181,3:01,239.5
182,3:02,238.5
184,3:04,240.3
185,3:05,243.3
186,3:06,245.3
187,3:07,246.3
188,3:08,248
189,3:09,249.5
190,3:10,250.8
191,3:11,251.8
192,3:12,251.8
193,3:13,252.8
195,3:15,254.3
196,3:16,255.8
197,3:17,257.3
198,3:18,259.5
199,3:19,261
201,3:21,262.5
202,3:22,264
203,3:23,265
204,3:24,266
205,3:25,267.5
207,3:27,268.8
208,3:28,270
209,3:29,271.3
210,3:30,271.8
211,3:31,274
213,3:33,274.8
214,3:34,277.8
215,3:35,278.8
216,3:36,280.8
217,3:37,282.5
218,3:38,285.8
219,3:39,288
221,3:41,290.8
222,3:42,292.3
223,3:43,295.8
224,3:44,297.5
225,3:45,298.3
226,3:46,300.5
227,3:47,303.3
229,3:49,304.5
230,3:50,305.8
231,3:51,299
232,3:52,301
233,3:53,303.5
234,3:54,307
236,3:56,309.3
237,3:57,312.3
238,3:58,314.3
239,3:59,316
240,4:00,317.8
241,4:01,319.8
242,4:02,321
243,4:03,321.8
244,4:04,321.5
245,4:05,321.8
247,4:07,321
248,4:08,319.5
249,4:09,318.3
250,4:10,318.3
251,4:11,317.8
252,4:12,317.5
253,4:13,318.5
255,4:15,319.5
256,4:16,323.3
257,4:17,326
258,4:18,329
259,4:19,332.5
260,4:20,337.5
261,4:21,340.5
263,4:23,343.3
264,4:24,345.8
265,4:25,347.8
266,4:26,349
267,4:27,349.3
268,4:28,349.3
269,4:29,348.5
270,4:30,346.8
271,4:31,344.5
272,4:32,342.3
274,4:34,341.5
275,4:35,340
276,4:36,340.3
277,4:37,341.3
278,4:38,344
279,4:39,348.3
281,4:41,352.8
282,4:42,359.8
283,4:43,363.5
284,4:44,366.5
285,4:45,368.5
286,4:46,370
287,4:47,369.5
288,4:48,368.8
289,4:49,366.5
291,4:51,364.5
292,4:52,360.8
293,4:53,359
294,4:54,357.8
295,4:55,358
297,4:57,360
298,4:58,360.3
299,4:59,361.3
300,5:00,363.5
301,5:01,367
302,5:02,373.8
303,5:03,378.3
304,5:04,383.3
306,5:06,386.8
307,5:07,389.3
308,5:08,390.3
309,5:09,389.5
310,5:10,387.3
311,5:11,383.3
312,5:12,380.3
313,5:13,378.3
315,5:15,376.5
316,5:16,376
317,5:17,377.5
318,5:18,379.3
319,5:19,382.5
320,5:20,386.3
321,5:21,390.3
322,5:22,381.5
324,5:24,382.5
325,5:25,384
326,5:26,386.5
327,5:27,392.3
328,5:28,396.8
329,5:29,403.3
330,5:30,407
331,5:31,410
333,5:33,413.3
334,5:34,411.3
335,5:35,406.8
336,5:36,403.8
337,5:37,396.8
338,5:38,410.8
339,5:39,408.5
340,5:40,405
342,5:42,400
343,5:43,398
344,5:44,399.8
345,5:45,400.3
346,5:46,403.5
348,5:48,411
349,5:49,417
350,5:50,421.5
351,5:51,424
352,5:52,423
353,5:53,421.3
354,5:54,415.5
355,5:55,411
356,5:56,411.8
358,5:58,410.5
359,5:59,410.5
360,6:00,413.5
361,6:01,417.8
362,6:02,422.5
363,6:03,428.3
364,6:04,427.3
365,6:05,428
366,6:06,424.3
367,6:07,422.3
369,6:09,418.3
370,6:10,418
371,6:11,420
372,6:12,423.8
373,6:13,428.8
374,6:14,430
375,6:15,432
377,6:17,424
378,6:18,429
379,6:19,431.8
380,6:20,432
381,6:21,431.3
382,6:22,428.8
383,6:23,426.3
384,6:24,425
385,6:25,423.3
387,6:27,424.5
388,6:28,426.8
389,6:29,430
390,6:30,432
391,6:31,432.5
392,6:32,430
393,6:33,428.8
395,6:35,431.3
396,6:36,424.3
397,6:37,426
398,6:38,425.3
399,6:39,427.5
400,6:40,429.8
401,6:41,430.3
402,6:42,427.8
404,6:44,426.8
405,6:45,423.5
406,6:46,422.8
407,6:47,422
408,6:48,424.8
409,6:49,426.3
411,6:51,426.8
412,6:52,427.8
413,6:53,426.3
414,6:54,424
415,6:55,420.5
416,6:56,420.3
417,6:57,418.8
418,6:58,420.8
420,7:00,419.3
421,7:01,420.8
422,7:02,422.5
423,7:03,424
424,7:04,423.5
425,7:05,419.5
427,7:07,420
428,7:08,422.3
429,7:09,415.3
430,7:10,415.8
431,7:11,421.3
433,7:13,419.5
434,7:14,420.3
435,7:15,418
436,7:16,416.8
437,7:17,413.3
438,7:18,412.5
439,7:19,410.8
441,7:21,411.3
442,7:22,409.8
443,7:23,412.5
444,7:24,414.8
445,7:25,415.5
446,7:26,416
447,7:27,415
449,7:29,412.8
450,7:30,410.8
451,7:31,409.5
452,7:32,408.3
453,7:33,407.8
454,7:34,409
455,7:35,415.3
456,7:36,413.3
458,7:38,412.3
459,7:39,409.5
460,7:40,407
461,7:41,403.8
462,7:42,403.3
463,7:43,404.3
464,7:44,407
465,7:45,412.5
467,7:47,412
468,7:48,413
469,7:49,409.5
470,7:50,406.5
471,7:51,403.5
472,7:52,400.8
473,7:53,398
474,7:54,398.5
476,7:56,400.8
477,7:57,404
478,7:58,408.3
479,7:59,411
480,8:00,411.8
481,8:01,410.5
482,8:02,408
483,8:03,405.5
484,8:04,403
485,8:05,401.3
486,8:06,400.5
487,8:07,400.5
488,8:08,400.8
490,8:10,402
491,8:11,403.8
492,8:12,404.5
493,8:13,404.8
494,8:14,405.8
495,8:15,405.5
496,8:16,404.8
498,8:18,404
499,8:19,402.8
500,8:20,402.5
501,8:21,402
502,8:22,401.3
504,8:24,402
505,8:25,401.5
506,8:26,401.3
507,8:27,402
508,8:28,402
509,8:29,402
511,8:31,401.5
512,8:32,401.5
513,8:33,400.8
514,8:34,400.5
515,8:35,400.3
516,8:36,400.3
517,8:37,400
519,8:39,399.5
520,8:40,399.3
521,8:41,398.8
522,8:42,398.5
523,8:43,398.3
524,8:44,397.8
525,8:45,397
527,8:47,397
528,8:48,395.8
529,8:49,395.5
530,8:50,395.3
531,8:51,394.8
532,8:52,394.3
534,8:54,393.8
535,8:55,392.5
536,8:56,392.8
537,8:57,392.3
538,8:58,391.3
539,8:59,390.5
540,9:00,390.3
542,9:02,389.5
543,9:03,389
544,9:04,388.5
545,9:05,388
546,9:06,387.3
547,9:07,386.3
549,9:09,385.8
550,9:10,385
551,9:11,384.3
552,9:12,383.8
553,9:13,382.8
554,9:14,382.5
556,9:16,381.8
557,9:17,381.3
558,9:18,380
559,9:19,379.3
560,9:20,378.5
562,9:22,377.5
563,9:23,377.5
564,9:24,376.8
565,9:25,375.5
566,9:26,375.3
567,9:27,374.5
569,9:29,373.8
570,9:30,372.8
571,9:31,372.3
572,9:32,371
573,9:33,370.8
574,9:34,370.5
575,9:35,369.5
576,9:36,368.8
577,9:37,368
579,9:39,367.5
580,9:40,366.3
581,9:41,365.3
582,9:42,365
583,9:43,364.3
585,9:45,363.5
586,9:46,362.8
587,9:47,362.3
588,9:48,361.3
589,9:49,360.5
591,9:51,360
592,9:52,358.5
593,9:53,358.3
594,9:54,357
595,9:55,357
596,9:56,356.3
597,9:57,355.8
599,9:59,355.3
600,10:00,354
601,10:01,353.5
602,10:02,352.8
603,10:03,352
604,10:04,351
606,10:06,350.8
607,10:07,349.5
608,10:08,349
609,10:09,348.3
610,10:10,348
611,10:11,347
613,10:13,346.5
614,10:14,345.5
615,10:15,345
616,10:16,344.3
617,10:17,343.5
618,10:18,342.8
619,10:19,342.5
620,10:20,341.5
621,10:21,341
623,10:23,340
624,10:24,339.5
625,10:25,339
626,10:26,338.3
627,10:27,337.5
628,10:28,336.8
629,10:29,336.5
631,10:31,335.5
632,10:32,334.8
633,10:33,334
634,10:34,333.3
636,10:36,332.5
637,10:37,331.8
638,10:38,330.5
639,10:39,330.5
640,10:40,330
641,10:41,329.3
642,10:42,328.5
643,10:43,327.8
644,10:44,327.8
645,10:45,327
647,10:47,326.3
648,10:48,325.5
649,10:49,324.3
650,10:50,324.3
651,10:51,323.5
652,10:52,322.8
653,10:53,322.8
654,10:54,321.8
656,10:56,321.3
657,10:57,320.3
658,10:58,320
659,10:59,319.3
660,11:00,318.5
661,11:01,318.8
662,11:02,317.3
664,11:04,317
665,11:05,316.5
666,11:06,315.5
667,11:07,315
668,11:08,314.5
669,11:09,313.8
670,11:10,313.3
672,11:12,312.5
673,11:13,312
674,11:14,311.3
675,11:15,311
676,11:16,310.5
677,11:17,310.3
678,11:18,309.5
679,11:19,308.8
681,11:21,308.5
682,11:22,307.8
683,11:23,307.3
684,11:24,306.3
685,11:25,306
686,11:26,305.3
687,11:27,305
689,11:29,304.3
690,11:30,304
691,11:31,303
692,11:32,302.8
693,11:33,302.3
694,11:34,301.8
695,11:35,301.3
696,11:36,300.3
697,11:37,299.8
698,11:38,299.3
699,11:39,298.8
701,11:41,298.5
702,11:42,298
703,11:43,297.5
704,11:44,296.8
705,11:45,296.3
706,11:46,295.5
708,11:48,294.8
709,11:49,294.5
710,11:50,293.8
711,11:51,293.5
712,11:52,292.8
713,11:53,292.5
714,11:54,291.8
715,11:55,291.3
717,11:57,290.8
718,11:58,290.3
719,11:59,289.8
720,12:00,289.3
721,12:01,288.5
723,12:03,288
724,12:04,287.5
725,12:05,287
726,12:06,286.5
727,12:07,285.5
728,12:08,285.5
729,12:09,284.5
731,12:11,284.3
732,12:12,283.8
733,12:13,283.3
734,12:14,282.8
735,12:15,282.3
736,12:16,282
737,12:17,281.3
739,12:19,280.8
740,12:20,280.3
741,12:21,279.5
742,12:22,279
744,12:24,278.5
745,12:25,278
746,12:26,277.5
747,12:27,277.3
748,12:28,276.3
749,12:29,276.3
750,12:30,275.5
751,12:31,275
752,12:32,274.8
754,12:34,274.5
755,12:35,273.8
756,12:36,273
757,12:37,272.5
758,12:38,272.3
759,12:39,272
760,12:40,271.5
761,12:41,270.5
762,12:42,270.5
763,12:43,270
765,12:45,269.8
766,12:46,269
767,12:47,268.8
768,12:48,268.5
769,12:49,267.8
770,12:50,267
771,12:51,267.5
773,12:53,266.3
774,12:54,266
775,12:55,265.5
776,12:56,265
777,12:57,264.3
778,12:58,264
779,12:59,263.5
780,13:00,263.5
781,13:01,262.8
782,13:02,262
783,13:03,261.5
785,13:05,261.5
786,13:06,261.3
787,13:07,260.5
788,13:08,259.8
789,13:09,259.8
790,13:10,259.3
792,13:12,259.3
793,13:13,258.3
794,13:14,257.8
795,13:15,257.5
796,13:16,257.3
797,13:17,256.8
798,13:18,256.5
799,13:19,255.8
800,13:20,255.3
801,13:21,255
803,13:23,254.8
804,13:24,253.8
805,13:25,253.5
806,13:26,253.3
807,13:27,253
808,13:28,252
810,13:30,252
811,13:31,251.3
812,13:32,250.8
813,13:33,251
814,13:34,250.5
815,13:35,250.3
816,13:36,249.3
818,13:38,249
819,13:39,248.5
820,13:40,248.3
821,13:41,248
822,13:42,247.5
823,13:43,247.3
824,13:44,246.5
826,13:46,246
827,13:47,245.8
828,13:48,245.5
829,13:49,245
830,13:50,244.3
831,13:51,243.5
833,13:53,243.8
834,13:54,243.5
835,13:55,243
836,13:56,242.5
837,13:57,242.5
838,13:58,241.8
839,13:59,241.5
841,14:01,241.3
842,14:02,240.5
843,14:03,239.5
844,14:04,239.8
845,14:05,239.3
846,14:06,239
847,14:07,238.8
848,14:08,238
850,14:10,237.8
851,14:11,237.5
852,14:12,237
853,14:13,236.8
854,14:14,236.3
855,14:15,235.8
857,14:17,235.5
858,14:18,235
859,14:19,235
860,14:20,234.5
861,14:21,233.8
862,14:22,233.8
863,14:23,233.5
865,14:25,233
866,14:26,232.8
867,14:27,232.3
868,14:28,231.5
869,14:29,231.8
870,14:30,231.5
871,14:31,230.8
873,14:33,230.5
874,14:34,230
875,14:35,229.5
876,14:36,229.5
877,14:37,229
878,14:38,228.8
879,14:39,228.3
880,14:40,228
881,14:41,227.5
882,14:42,227
884,14:44,227
885,14:45,226.8
886,14:46,226.3
887,14:47,226
888,14:48,225.5
889,14:49,225.3
890,14:50,224.8
891,14:51,224.5
892,14:52,224.3
894,14:54,223.3
895,14:55,223.3
896,14:56,223.3
897,14:57,222.5
898,14:58,222.3
899,14:59,222
900,15:00,221.8
901,15:01,221.5
903,15:03,221.3
904,15:04,221
905,15:05,220.5
906,15:06,220.3
907,15:07,219.8
908,15:08,219.5
909,15:09,219
911,15:11,219.3
912,15:12,217.8
913,15:13,217.8
914,15:14,217.8
915,15:15,217
916,15:16,216.8
917,15:17,217
919,15:19,216.5
920,15:20,216
921,15:21,216
922,15:22,215.8
923,15:23,215
924,15:24,214.8
925,15:25,214
926,15:26,214.3
928,15:28,213.8
929,15:29,213.3
930,15:30,213.3
931,15:31,213
932,15:32,212
933,15:33,212.3
934,15:34,211.8
936,15:36,211.8
937,15:37,210.8
938,15:38,211
939,15:39,210.8
940,15:40,210
942,15:42,210
943,15:43,209.5
944,15:44,209.5
945,15:45,209.3
946,15:46,209
947,15:47,208.3
949,15:49,207.8
950,15:50,207.5
951,15:51,207.5
952,15:52,206.8
953,15:53,206.8
954,15:54,206.5
956,15:56,206
957,15:57,205.8
958,15:58,205.5
959,15:59,205.3
960,16:00,205
961,16:01,205
962,16:02,204
963,16:03,203.5
964,16:04,203.8
965,16:05,203
966,16:06,203
967,16:07,203
969,16:09,202.8
970,16:10,202.5
971,16:11,202.3
972,16:12,201.8
973,16:13,201.8
974,16:14,201.3
975,16:15,200.5
977,16:17,200.8
978,16:18,200.5
979,16:19,200.3
980,16:20,199.3
981,16:21,199.8
982,16:22,199.3
983,16:23,199
984,16:24,198.5
985,16:25,198.5
986,16:26,198
988,16:28,198
989,16:29,197.8
990,16:30,197
991,16:31,197
992,16:32,196.5
993,16:33,196.5
994,16:34,195.5
995,16:35,196.3
997,16:37,195.8
998,16:38,195
999,16:39,195
1000,16:40,194.5
1001,16:41,194.3
1002,16:42,194.5
1003,16:43,194.3
1004,16:44,193.8
1005,16:45,193.5
1006,16:46,193.3
1008,16:48,193
1009,16:49,192.8
1010,16:50,192.5
1011,16:51,192.3
1012,16:52,192
1013,16:53,191.5
1014,16:54,191.3
1015,16:55,191.3
1016,16:56,191
1017,16:57,190.5
1018,16:58,190
1019,16:59,190.3
1020,17:00,190
1021,17:01,189.5
1022,17:02,189.3
1024,17:04,189.3
1025,17:05,188.5
1026,17:06,188.5
1027,17:07,188.5
1028,17:08,187.8
1029,17:09,187.8
1030,17:10,187.5
1031,17:11,187.5
1032,17:12,187
1034,17:14,186.8
1035,17:15,186.5
1036,17:16,186.5
1037,17:17,186.3
1038,17:18,185.5
1039,17:19,185.8
1040,17:20,185.3
1041,17:21,184.8
1042,17:22,184.5
1044,17:24,184.8
1045,17:25,184
1046,17:26,183.8
1047,17:27,183.8
1048,17:28,183.3
1049,17:29,183.3
1050,17:30,183
1051,17:31,182.5
1053,17:33,182.5
1054,17:34,182
1055,17:35,182
1056,17:36,181.8
1057,17:37,181
1058,17:38,181.3
1059,17:39,181.3
1060,17:40,180.8
1062,17:42,180.5
1063,17:43,180
1064,17:44,180
1065,17:45,179.5
1066,17:46,179.3
1067,17:47,179.5
1068,17:48,178.8
1069,17:49,178.8
1071,17:51,178.8
1072,17:52,178.5
1073,17:53,177.8
1074,17:54,178
1075,17:55,177.3
1076,17:56,177
1078,17:58,177.3
1079,17:59,176.8
1080,18:00,176.5
1081,18:01,176.3
1082,18:02,176
1084,18:04,176.3
1085,18:05,175.8
1086,18:06,175.3
1087,18:07,175.8
1088,18:08,175.3
1089,18:09,174.5
1090,18:10,174.3
1091,18:11,174.5
1092,18:12,174.5
1093,18:13,174
1095,18:15,174
1096,18:16,173.8
1097,18:17,172.5
1098,18:18,173
1099,18:19,173
1100,18:20,172.8
1101,18:21,172.5
1102,18:22,172.3
1104,18:24,171.5
1105,18:25,171.8
1106,18:26,171.3
1107,18:27,171
1108,18:28,171
1109,18:29,170.3
1110,18:30,170.5
1111,18:31,170.5
1113,18:33,169.8
1114,18:34,169.8
1115,18:35,169.8
1116,18:36,169.3
1117,18:37,169.5
1118,18:38,169.5
1119,18:39,169
1120,18:40,168.3
1122,18:42,168.3
1123,18:43,168
1124,18:44,167.8
1125,18:45,167.8
1126,18:46,167.5
1127,18:47,167.5
1128,18:48,167.3
1129,18:49,167
1130,18:50,166.8
1131,18:51,166.5
1132,18:52,166.5
1133,18:53,165.5
1134,18:54,165.3
1136,18:56,165.8
1137,18:57,165.8
1138,18:58,165.3
1139,18:59,164.8
1140,19:00,165
1141,19:01,164.5
1142,19:02,164.5
1143,19:03,164
1144,19:04,163.8
1146,19:06,164
1147,19:07,163.5
1148,19:08,163
1149,19:09,163.5
1150,19:10,163.5
1151,19:11,162.8
1152,19:12,163
1153,19:13,161.8
1155,19:15,162.3
1156,19:16,161.8
1157,19:17,162
1158,19:18,161.8
1159,19:19,161.5
1160,19:20,160.5
1161,19:21,160.8
1162,19:22,161
1164,19:24,160.5
1165,19:25,159.8
1166,19:26,160.3
1167,19:27,160
1168,19:28,159.5
1169,19:29,159.5
1170,19:30,159.3
1171,19:31,159.3
1172,19:32,158.8
1174,19:34,158.8
1175,19:35,158.5
1176,19:36,158.5
1177,19:37,158.3
1178,19:38,158
1179,19:39,157.5
1180,19:40,157.5
1182,19:42,157.3
1183,19:43,157.3
1184,19:44,156.3
1185,19:45,156.8
1186,19:46,156.8
1187,19:47,156.5
1188,19:48,156
1190,19:50,155.8
1191,19:51,156
1192,19:52,155.5
1193,19:53,155.5
1194,19:54,155.5
1195,19:55,154.8
1196,19:56,154.8
1198,19:58,154.5
1199,19:59,154.3
1200,20:00,154.5
1201,20:01,154.3
1202,20:02,153.5
1204,20:04,153.5
1205,20:05,153.3
1206,20:06,153.3
1207,20:07,153
1208,20:08,152.5
1209,20:09,152.5
1210,20:10,152.5
1212,20:12,152.5
1213,20:13,152
1214,20:14,151.8
1215,20:15,151.3
1216,20:16,151.3
1217,20:17,151.3
1218,20:18,151
1219,20:19,151
1220,20:20,151
1221,20:21,150.5
1223,20:23,150
1224,20:24,150
1225,20:25,149.5
1226,20:26,149.8
1227,20:27,149.3
1228,20:28,149.5
1229,20:29,149
1230,20:30,149.3
1232,20:32,148.3
1233,20:33,149
1234,20:34,148.3
1235,20:35,148
1236,20:36,147.8
1237,20:37,148.3
1239,20:39,147.8
1240,20:40,147.5
1241,20:41,147.3
1242,20:42,147.5
1243,20:43,147
1244,20:44,146.8
1246,20:46,146.8
1247,20:47,146.5
1248,20:48,146.3
1249,20:49,145.8
1250,20:50,146
1251,20:51,146
1252,20:52,145.8
1254,20:54,145.5
1255,20:55,145.5
1256,20:56,145
1257,20:57,145
1258,20:58,144.8
1259,20:59,144.5
1260,21:00,144.3
1262,21:02,144.3
1263,21:03,144.3
1264,21:04,143.8
1265,21:05,143.8
1266,21:06,143.5
1267,21:07,143.5
1268,21:08,143
1270,21:10,143
1271,21:11,143
1272,21:12,142
1273,21:13,142.5
1274,21:14,142.3
1275,21:15,142.5
1276,21:16,141.5
1277,21:17,142
1278,21:18,141.8
1279,21:19,141.8
1280,21:20,141
1282,21:22,141
1283,21:23,140.5
1284,21:24,140.8
1285,21:25,140.8
1286,21:26,140.5
1287,21:27,140.3
1288,21:28,139.8
1290,21:30,140
1291,21:31,139.8
1292,21:32,139.8
1293,21:33,139.3
1294,21:34,139.3
1295,21:35,139
1297,21:37,138.5
1298,21:38,138.8
1299,21:39,138.5
1300,21:40,138.3
1301,21:41,137.5
1302,21:42,138
1303,21:43,138
1304,21:44,138
1306,21:46,137.3
1307,21:47,137.5
1308,21:48,137.3
1309,21:49,137.3
1310,21:50,137
1311,21:51,136.5
1312,21:52,136.3
1313,21:53,136.3
1314,21:54,136.3
1315,21:55,136.3
1316,21:56,136
1318,21:58,135.8
1319,21:59,135
1320,22:00,135.8
1321,22:01,135
1322,22:02,135.5
1324,22:04,135
1325,22:05,134.5
1326,22:06,134.5
1327,22:07,134.5
1328,22:08,134.3
1330,22:10,134.3
1331,22:11,133.5
1332,22:12,133.5
1334,22:14,133.5
1335,22:15,133
1336,22:16,133
1337,22:17,133.3
1338,22:18,133
1339,22:19,133
1340,22:20,132.3
1341,22:21,131.8
1343,22:23,132.5
1344,22:24,132
1345,22:25,131.8
1346,22:26,131.8
1347,22:27,131.5
1348,22:28,131.3
1350,22:30,131.5
1351,22:31,131.5
1352,22:32,131.3
1353,22:33,131
1354,22:34,130.5
1355,22:35,130
1356,22:36,130.3
1357,22:37,130
1359,22:39,130
1360,22:40,129.8
1361,22:41,129.5
1362,22:42,129.3
1363,22:43,129.3
1364,22:44,129.3
1365,22:45,129.3
1366,22:46,129
1369,22:49,128.8
1370,22:50,128.8
1371,22:51,128.5
1372,22:52,128.3
1373,22:53,128.3
1374,22:54,128
1376,22:56,128
1377,22:57,127.8
1378,22:58,127.5
1379,22:59,127.5
1380,23:00,126.3
1381,23:01,127.3
1383,23:03,126.8
1384,23:04,126.8
1385,23:05,126.8
1386,23:06,125.8
1387,23:07,126.8
1388,23:08,126
1389,23:09,126
1390,23:10,125.5
1391,23:11,125.3
1392,23:12,125.5
1394,23:14,125.8
1395,23:15,125.5
1396,23:16,125.3
1397,23:17,125.3
1398,23:18,124.5
1399,23:19,125
1400,23:20,124.5
1402,23:22,124.8
1403,23:23,124
1404,23:24,124.3
1405,23:25,124.3
1406,23:26,124.3
1407,23:27,124
1408,23:28,123.8
1410,23:30,123.8
1411,23:31,123.8
1412,23:32,123.3
1413,23:33,123.5
1414,23:34,122.8
1415,23:35,122.8
1416,23:36,123
1417,23:37,122.8
1418,23:38,122.3
1419,23:39,122.3
1420,23:40,122.3
1422,23:42,122
1423,23:43,122.3
1424,23:44,121.5
1425,23:45,121.8
1426,23:46,121.3
1427,23:47,121.3
1428,23:48,121
1430,23:50,121.3
1431,23:51,120.8
1432,23:52,120.5
1433,23:53,120.5
1434,23:54,120.5
1435,23:55,120.3
1437,23:57,119.3
1438,23:58,120
1439,23:59,120.3
1440,24:00,119.8
1441,24:01,120
1442,24:02,119.5
1443,24:03,119.5
1444,24:04,118.5
1446,24:06,119.5
1447,24:07,118.8
1448,24:08,118.8
1450,24:10,118.5
1451,24:11,118.5
1452,24:12,118.3
1453,24:13,118
1454,24:14,117.8
1456,24:16,117.8
1457,24:17,118.3
1458,24:18,117.5
1459,24:19,117.5
1460,24:20,116.8
1461,24:21,117.3
1463,24:23,117
1464,24:24,116.5
1465,24:25,116.5
1466,24:26,116.5
1467,24:27,116.5
1468,24:28,115.5
1469,24:29,116.5
1470,24:30,115.8
1472,24:32,115.8
1473,24:33,116
1474,24:34,115.5
1475,24:35,115.5
1476,24:36,115.5
1478,24:38,115.3
1479,24:39,115.3
1480,24:40,115.3
1481,24:41,115
1482,24:42,114.5
1483,24:43,114.8
1484,24:44,114.5
1486,24:46,114.3
1487,24:47,114.3
1488,24:48,113.8
1489,24:49,114.3
1490,24:50,114
1491,24:51,113.5
1492,24:52,113.5
1494,24:54,113.8
1495,24:55,113.3
1496,24:56,113.5
1497,24:57,113.3
1498,24:58,112.5
1500,25:00,112.5
1501,25:01,112.3
1502,25:02,113
1503,25:03,112.3
1504,25:04,112.5
1505,25:05,112.3
1506,25:06,112.3
1507,25:07,112
1508,25:08,112
1510,25:10,112
1511,25:11,111.5
1512,25:12,111.8
1513,25:13,111
1514,25:14,111.5
1515,25:15,111
1516,25:16,110.8
1517,25:17,110.5
1519,25:19,110.5
1520,25:20,110.5
1521,25:21,110.5
1522,25:22,110.3
1523,25:23,110.3
1524,25:24,110
1525,25:25,109.5
1526,25:26,109.8
1528,25:28,109.3
1529,25:29,109.3
1530,25:30,109
1531,25:31,108.5
1532,25:32,109.3
1533,25:33,109
1534,25:34,108.5
1535,25:35,108.5
1536,25:36,108.5
1538,25:38,108.3
1539,25:39,108.3
1540,25:40,108.3
1541,25:41,108
1542,25:42,108
1543,25:43,107.8
1545,25:45,107.3
1546,25:46,107.5
1547,25:47,107.3
1548,25:48,107.8
1549,25:49,107.3
1550,25:50,107
1551,25:51,106.8
1553,25:53,106.8
1554,25:54,106.8
1555,25:55,106.8
1556,25:56,106.8
1557,25:57,106.5
1558,25:58,106.5
1559,25:59,106.3
1560,26:00,106
1561,26:01,106
1563,26:03,106
1564,26:04,106
1565,26:05,105.8
1566,26:06,105.8
1567,26:07,105.5
1569,26:09,104.8
1570,26:10,105.5
1571,26:11,105.3
1572,26:12,105
1573,26:13,104.8
1574,26:14,104.8
1576,26:16,104.5
1577,26:17,104.8
1578,26:18,104.5
1579,26:19,104.3
1580,26:20,103.8
1581,26:21,103.8
1582,26:22,104
1584,26:24,103.8
1585,26:25,103.8
1586,26:26,103.3
1587,26:27,103.3
1588,26:28,103.3
1590,26:30,103.3
1591,26:31,103
1592,26:32,103
1593,26:33,102.5
1594,26:34,102.8
1595,26:35,102.8
1596,26:36,102.5
1598,26:38,102.5
1599,26:39,102.5
1600,26:40,102.3
1601,26:41,102
1602,26:42,102
1603,26:43,102
1604,26:44,102
1605,26:45,101.5
1606,26:46,102
1607,26:47,101.5
1608,26:48,101.3
1610,26:50,101.5
1611,26:51,101.5
1612,26:52,100.5
1613,26:53,100.8
1614,26:54,101.3
1615,26:55,100.5
1616,26:56,100.5
1617,26:57,100.8
1618,26:58,100
1620,27:00,100.5
1621,27:01,100.3
1622,27:02,100.5
1623,27:03,99.8
1624,27:04,100
1625,27:05,100.3
1626,27:06,100
1627,27:07,100
1628,27:08,99.3
1629,27:09,99
1631,27:11,99.5
1632,27:12,99.5
1633,27:13,99.3
1634,27:14,99.5
1635,27:15,99
1636,27:16,99
1637,27:17,98.8
1639,27:19,99
1640,27:20,98.5
1641,27:21,98.3
1642,27:22,98.5
1643,27:23,98.5
1644,27:24,98.3
1645,27:25,98.5
1646,27:26,98.3
1647,27:27,98.3
1648,27:28,98
1649,27:29,97.8
1650,27:30,97.5
1652,27:32,97.8
1653,27:33,97.8
1654,27:34,97.5
1655,27:35,97.3
1656,27:36,97
1657,27:37,97.5
1658,27:38,97
1660,27:40,97
1661,27:41,96.8
1662,27:42,96.5
1663,27:43,96.8
1664,27:44,96.8
1665,27:45,96.8
1666,27:46,96.5
1667,27:47,95.8
1668,27:48,96.3
1670,27:50,96.3
1671,27:51,96
1672,27:52,95.8
1673,27:53,95.8
1674,27:54,95.5
1675,27:55,95.8
1677,27:57,95.5
1678,27:58,95.5
1679,27:59,95.3
1680,28:00,95.3
1681,28:01,95
1682,28:02,94.8
1683,28:03,94.8
1685,28:05,94.5
1686,28:06,94.3
1687,28:07,94.8
1688,28:08,94.3
1689,28:09,94.3
1690,28:10,94
1691,28:11,94.5
1693,28:13,94
1694,28:14,93.8
1695,28:15,93.8
1696,28:16,94
1697,28:17,93.8
1698,28:18,93.8
1699,28:19,93.8
1701,28:21,93.3
1702,28:22,93.5
1703,28:23,93.5
1704,28:24,93.5
1705,28:25,92.8
1706,28:26,93.3
1707,28:27,92.8
1709,28:29,93
1710,28:30,92
1711,28:31,93
1712,28:32,92.3
1713,28:33,92.5
1714,28:34,92.5
1715,28:35,92.5
1716,28:36,92.3
1717,28:37,92.3
1719,28:39,92.3
1720,28:40,92
1721,28:41,91.3
1722,28:42,92
1723,28:43,91.8
1725,28:45,91.5
1726,28:46,91.8
1727,28:47,91.3
1728,28:48,91.5
1729,28:49,91.5
1730,28:50,91.3
1731,28:51,91
1733,28:53,90.8
1734,28:54,91
1735,28:55,90.8
1736,28:56,90.8
1738,28:58,90.5
1739,28:59,90
1740,29:00,90.5
1741,29:01,90
1742,29:02,90
1744,29:04,90
1745,29:05,90.3
1746,29:06,89.8
1747,29:07,89.5
1748,29:08,89.8
1749,29:09,89.3
1750,29:10,90
1751,29:11,89.5
1753,29:13,89.5
1754,29:14,89
1755,29:15,89.3
1756,29:16,89.3
1757,29:17,89.3
1758,29:18,88.8
1759,29:19,88.8
1760,29:20,88.8
1761,29:21,88.5
1763,29:23,88.8
1764,29:24,88.3
1765,29:25,87.8
1766,29:26,88.5
1767,29:27,88.3
1768,29:28,88
1769,29:29,88.3
1770,29:30,87.8
1771,29:31,87.8
1772,29:32,88
1773,29:33,88
1774,29:34,87.5
1776,29:36,87.5
1777,29:37,87.5
1778,29:38,87.3
1779,29:39,87.5
1780,29:40,87.3
1782,29:42,87.3
1783,29:43,87.3
1784,29:44,87
1785,29:45,86.8
1786,29:46,86.8
1787,29:47,87
1789,29:49,86
1790,29:50,86.5
1791,29:51,86.5
1792,29:52,86.3
1793,29:53,86.5
1794,29:54,86.3
1795,29:55,86
1796,29:56,86
1797,29:57,85.8
1799,29:59,85.8
1800,30:00,86
1801,30:01,85.5
1802,30:02,86
1803,30:03,85.5
1804,30:04,85.8
1805,30:05,85.3
1806,30:06,85
1807,30:07,85
1808,30:08,85.3
1810,30:10,85.3
1811,30:11,85.5
1812,30:12,84.8
1813,30:13,85.3
1814,30:14,84.5
1815,30:15,84.8
1816,30:16,84.5
1817,30:17,84.8
1818,30:18,84.8
1819,30:19,84.3
1821,30:21,84.5
1822,30:22,84.5
1823,30:23,84.3
1824,30:24,84.3
1825,30:25,84.3
1826,30:26,84
1827,30:27,84.3
1829,30:29,83.8
1830,30:30,84
1831,30:31,83.8
1832,30:32,84
1833,30:33,83.8
1834,30:34,83
1835,30:35,83.5
1837,30:37,83
1838,30:38,83.5
1839,30:39,82.8
1840,30:40,83
1841,30:41,82.8
1842,30:42,82.8
1843,30:43,82.8
1844,30:44,82.8
1845,30:45,82.5
1846,30:46,82.8
1848,30:48,82.5
1849,30:49,82.5
1850,30:50,82.5
1851,30:51,82.3
1852,30:52,82.3
1853,30:53,82.8
1854,30:54,82
1856,30:56,82
1857,30:57,82
1858,30:58,81.8
1859,30:59,82
1860,31:00,82
1861,31:01,82
1862,31:02,81.3
1864,31:04,81.8
1865,31:05,81.5
1866,31:06,81.3
1867,31:07,81.5
1868,31:08,81
1869,31:09,81.5
1870,31:10,81.3
1872,31:12,80.8
1873,31:13,80.8
1874,31:14,81
1875,31:15,80.8
1876,31:16,80.5
1877,31:17,81
1878,31:18,80.8
1879,31:19,80.3
1881,31:21,80.5
1882,31:22,80.8
1883,31:23,80
1884,31:24,80
1885,31:25,80
1886,31:26,80.3
1887,31:27,79.8
1888,31:28,79.5
1889,31:29,80
1890,31:30,80.3
1891,31:31,80.3
1893,31:33,80
1894,31:34,80
1895,31:35,79.8
1896,31:36,79.5
1897,31:37,79.8
1898,31:38,79.5
1900,31:40,78.8
1901,31:41,79.8
1902,31:42,79
1903,31:43,79
1904,31:44,78.8
1905,31:45,78.8
1907,31:47,79
1908,31:48,78.8
1909,31:49,78.8
1910,31:50,79
1911,31:51,78.3
1912,31:52,78.8
1913,31:53,78.5
1915,31:55,78.5
1916,31:56,78
1917,31:57,78.3
1918,31:58,78
1919,31:59,78.5
1920,32:00,78
1921,32:01,78.3
1922,32:02,77.8
1923,32:03,78
1925,32:05,77.8
1926,32:06,77.5
1927,32:07,77.8
1928,32:08,78
1929,32:09,77.5
1930,32:10,76.8
1931,32:11,77.8
1933,32:13,77.5
1934,32:14,77
1935,32:15,77.3
1936,32:16,77.3
1937,32:17,77.3
1938,32:18,77.3
1939,32:19,76.8
1940,32:20,77.3
1941,32:21,76.8
1942,32:22,76.5
1944,32:24,77
1945,32:25,76.8
1946,32:26,76.3
1947,32:27,76.8
1948,32:28,76.5
1950,32:30,76.3
1951,32:31,76.5
1952,32:32,76.5
1953,32:33,75.8
1954,32:34,76
1956,32:36,76
1957,32:37,75.8
1958,32:38,76
1959,32:39,75.8
1960,32:40,75.3
1961,32:41,76
1962,32:42,75.8
1964,32:44,75.5
1965,32:45,75.8
1966,32:46,75.5
1967,32:47,75.5
1968,32:48,75
1969,32:49,75.3
1970,32:50,75
1971,32:51,75.3
1972,32:52,75
1974,32:54,75
1975,32:55,74.8
1976,32:56,74.8
1977,32:57,75
1978,32:58,75
1979,32:59,74.3
1980,33:00,74.8
1981,33:01,74.8
1983,33:03,73.8
1984,33:04,74.5
1985,33:05,74.5
1986,33:06,74.5
1987,33:07,74
1988,33:08,74.3
1989,33:09,74.3
1991,33:11,73.5
1992,33:12,73.8
1993,33:13,73.8
1994,33:14,74
1995,33:15,74
1996,33:16,74
1997,33:17,73.8
1998,33:18,74
1999,33:19,73.5
2000,33:20,73.8
2001,33:21,73.5
2003,33:23,73.5
2004,33:24,73.5
2005,33:25,73.5
2006,33:26,73.5
2007,33:27,73.5
2008,33:28,73
2009,33:29,72.8
2011,33:31,72.5
2012,33:32,73
2013,33:33,72.8
2014,33:34,72.8
2015,33:35,73
2016,33:36,73
2017,33:37,73
2018,33:38,72.3
2020,33:40,72.8
2021,33:41,72.5
2022,33:42,72.5
2023,33:43,72.5
2024,33:44,72.8
2025,33:45,72
2026,33:46,72
2028,33:48,72.3
2029,33:49,71.8
2030,33:50,72
2031,33:51,71.5
2032,33:52,71.5
2033,33:53,72
2035,33:55,72
2036,33:56,71.5
2037,33:57,71.8
2038,33:58,71.8
2039,33:59,71.5
2040,34:00,71.3
2041,34:01,71.5
2043,34:03,71.5
2044,34:04,71.3
2045,34:05,71.3
2046,34:06,71.5
2047,34:07,71.3
2048,34:08,71.3
2050,34:10,71
2051,34:11,71
2052,34:12,70.5
2053,34:13,71
2054,34:14,71
2055,34:15,70.5
2057,34:17,70.8
2058,34:18,70.8
2059,34:19,70
2060,34:20,70.8
2061,34:21,70.3
2062,34:22,70.3
2063,34:23,70.5
2065,34:25,70
2066,34:26,70.5
2067,34:27,69.5
2068,34:28,70.5
2069,34:29,69.8
2070,34:30,70.3
2071,34:31,69.5
2072,34:32,70.3
2074,34:34,70
2075,34:35,69.5
2076,34:36,69.3
2077,34:37,69.5
2078,34:38,69.8
2079,34:39,69.5
2080,34:40,69.3
2082,34:42,69.8
2083,34:43,69.3
2084,34:44,69.8
2085,34:45,69.3
2086,34:46,69.3
2087,34:47,69.3
2088,34:48,69
2089,34:49,69
2090,34:50,69
2092,34:52,69
2093,34:53,69
2094,34:54,69
2095,34:55,68.5
2096,34:56,68.8
2097,34:57,68.8
2098,34:58,68.5
2099,34:59,68.5
2100,35:00,69
2102,35:02,68.5
2103,35:03,68.5
2104,35:04,68.5
2105,35:05,68.8
2106,35:06,68.5
2107,35:07,68.3
2109,35:09,68.3
2110,35:10,68
2111,35:11,68.3
2112,35:12,68
2113,35:13,68
2114,35:14,68
2115,35:15,68
2116,35:16,67.3
2118,35:18,67.8
2119,35:19,67.3
2120,35:20,68
2121,35:21,67.8
2122,35:22,67.3
2123,35:23,67.8
2124,35:24,67.5
2126,35:26,67.8
2127,35:27,67.5
2128,35:28,66.8
2129,35:29,67.5
2130,35:30,67.3
2131,35:31,67.3
2132,35:32,66.8
2134,35:34,67.3
2135,35:35,67.3
2136,35:36,67.3
2137,35:37,67
2138,35:38,67
2139,35:39,66.8
2140,35:40,66.3
2141,35:41,66.8
2142,35:42,66.8
2144,35:44,66.8
2145,35:45,66.5
2146,35:46,66.8
2147,35:47,66.8
2148,35:48,66.5
2150,35:50,66
2151,35:51,66.5
2152,35:52,66.3
2153,35:53,66.3
2154,35:54,66
2155,35:55,66.3
2157,35:57,66
2158,35:58,66
2159,35:59,66.3
2160,36:00,66
2162,36:02,66
2163,36:03,65.8
2164,36:04,65
2165,36:05,65.5
2166,36:06,65.8
2167,36:07,65.8
2168,36:08,65.5
2169,36:09,65.8
2171,36:11,65.8
2172,36:12,65.3
2173,36:13,65.3
2174,36:14,65.5
2175,36:15,65
2176,36:16,65
2177,36:17,65.5
2179,36:19,65.3
2180,36:20,65.3
2181,36:21,65
2182,36:22,64.5
2183,36:23,65
2184,36:24,65
2185,36:25,64.8
2186,36:26,64.3
2188,36:28,64.8
2189,36:29,64.5
2190,36:30,65
2191,36:31,64.8
2192,36:32,64.5
2193,36:33,64.5
2194,36:34,64
2196,36:36,64.5
2197,36:37,64.5
2198,36:38,63.8
2199,36:39,63.8
2200,36:40,64
2201,36:41,64.3
2202,36:42,63.8
2204,36:44,63.3
2205,36:45,64
2206,36:46,63.8
2207,36:47,64
2208,36:48,64
2209,36:49,64
2210,36:50,63.8
2212,36:52,64
2213,36:53,63.8
2214,36:54,63.8
2215,36:55,63.8
2216,36:56,63.3
2217,36:57,63.8
2218,36:58,63.5
2220,37:00,63.5
2221,37:01,63
2222,37:02,63.3
2223,37:03,63.5
2224,37:04,63.5
2225,37:05,63.3
2226,37:06,63
2227,37:07,63
2229,37:09,63
2230,37:10,63
2231,37:11,62.8
2232,37:12,63.3
2233,37:13,62.5
2234,37:14,62.8
2235,37:15,63
2236,37:16,62.5
2238,37:18,62.5
2239,37:19,62.5
2240,37:20,62.5
2241,37:21,62.5
2243,37:23,62.5
2244,37:24,62.5
2245,37:25,62.5
2246,37:26,62.3
2247,37:27,62.3
2248,37:28,62.3
2249,37:29,62.3
2250,37:30,62
2252,37:32,62.3
2253,37:33,62.3
2254,37:34,62
2255,37:35,61.8
2256,37:36,61.8
2257,37:37,62
2258,37:38,62
2261,37:41,62
2262,37:42,61.8
2263,37:43,61.8
2264,37:44,61.8
2265,37:45,61.8
2266,37:46,61.3
2267,37:47,61.3
2269,37:49,61.8
2270,37:50,61.5
2271,37:51,61
2272,37:52,61.5
2273,37:53,61.5
2274,37:54,61.3
2275,37:55,60.8
2276,37:56,61.5
2277,37:57,61
2279,37:59,61.3
2280,38:00,61.3
2281,38:01,60.8
2282,38:02,60.8
2283,38:03,60.8
2284,38:04,60.8
2285,38:05,61
2286,38:06,60.5
2287,38:07,60.5
2289,38:09,60.5
2290,38:10,61
2291,38:11,60.5
2292,38:12,60.8
2293,38:13,60.8
2294,38:14,60.5
2295,38:15,60.8
2297,38:17,61
2298,38:18,60.5
2299,38:19,60.5
2300,38:20,60.5
2301,38:21,60.3
2303,38:23,60.3
2304,38:24,60
2305,38:25,60.3
2306,38:26,60
2307,38:27,60.3
2309,38:29,60
2310,38:30,60
2311,38:31,60
2312,38:32,59.5
2313,38:33,59.8
2315,38:35,60
2316,38:36,59.8
2317,38:37,59.8
2318,38:38,59.8
2319,38:39,59.5
2320,38:40,60
2322,38:42,60
2323,38:43,59.5
2324,38:44,59.5
2325,38:45,59
2326,38:46,59
2327,38:47,59
2328,38:48,59.5
2329,38:49,59.3
2330,38:50,59
2331,38:51,59.5
2332,38:52,59.5
2333,38:53,59.3
2334,38:54,59
2336,38:56,58.3
2337,38:57,59.3
2338,38:58,58.8
2340,39:00,58.8
2341,39:01,58.8
2342,39:02,58.8
2343,39:03,59
2344,39:04,58
2345,39:05,58.8
2346,39:06,58.8
2347,39:07,58.8
2348,39:08,58.3
2349,39:09,59
2350,39:10,58.5
2351,39:11,58.5
2353,39:13,58.3
2354,39:14,58.8
2355,39:15,58.5
2356,39:16,58.8
2357,39:17,58.3
2358,39:18,58
2359,39:19,58.3
2361,39:21,58.5
2362,39:22,58.5
2363,39:23,58.3
2364,39:24,58.3
2365,39:25,58.3
2366,39:26,57.8
2367,39:27,57.5
2368,39:28,57.8
2369,39:29,58.3
2371,39:31,58
2372,39:32,57.5
2373,39:33,57.8
2374,39:34,57.5
2375,39:35,58.3
2377,39:37,57.5
2378,39:38,57.5
2379,39:39,58
2380,39:40,57.5
2381,39:41,57.3
2382,39:42,56.8
2384,39:44,57.3
2385,39:45,57.5
2386,39:46,57
2387,39:47,57.3
2388,39:48,57.5
2389,39:49,57.3
2390,39:50,57.3
2392,39:52,57
2393,39:53,57
2394,39:54,57.3
2395,39:55,57
2396,39:56,57.3
2397,39:57,57.5
2398,39:58,56.8
2399,39:59,57
2400,40:00,57
2401,40:01,57
2403,40:03,56.5
2404,40:04,56.3
2405,40:05,57.3
2406,40:06,56.5
2407,40:07,56.8
2408,40:08,57
2410,40:10,56.8
2411,40:11,56.8
2412,40:12,56.5
2413,40:13,56.5
2414,40:14,56.3
2416,40:16,56.5
2417,40:17,56
2418,40:18,56.5
2419,40:19,56
2420,40:20,55.8
2421,40:21,56
2422,40:22,56.3
2423,40:23,56.3
2424,40:24,56.3
2425,40:25,56.3
2427,40:27,56.3
2428,40:28,55.8
2429,40:29,55.8
2430,40:30,56
2431,40:31,56
2432,40:32,55.8
2433,40:33,55.5
2435,40:35,55.5
2436,40:36,56
2437,40:37,56
2438,40:38,55.8
2439,40:39,55.5
2440,40:40,55.5
2441,40:41,55
2442,40:42,55.8
2443,40:43,55.3
2444,40:44,55.3
2445,40:45,55.3
2447,40:47,55.8
2448,40:48,55.8
2449,40:49,55.3
2450,40:50,55.8
2451,40:51,55.3
2452,40:52,54.8
2453,40:53,55.3
2455,40:55,55
2456,40:56,55
2457,40:57,55.5
2458,40:58,55
2459,40:59,54.5
2460,41:00,55
2462,41:02,55.3
2463,41:03,55
2464,41:04,55.3
2465,41:05,55
2466,41:06,54.3
2467,41:07,54.8
2468,41:08,55
2469,41:09,54.8
2471,41:11,54.8
2472,41:12,54.8
2473,41:13,54.8
2474,41:14,55
2475,41:15,54.3
2476,41:16,55
2477,41:17,54.5
2479,41:19,54.8
2480,41:20,54.3
2481,41:21,54.5
2482,41:22,54.5
2483,41:23,54.3
2484,41:24,54.5
2485,41:25,54.5
2486,41:26,54.5
2487,41:27,54
2488,41:28,53.8
2490,41:30,54.3
2491,41:31,53.8
2492,41:32,54.5
2493,41:33,53.8
2494,41:34,54.3
2495,41:35,54
2497,41:37,54.3
2498,41:38,54.3
2499,41:39,54
2500,41:40,54
2501,41:41,53.8
2503,41:43,54
2504,41:44,54
2505,41:45,54
2506,41:46,54
2507,41:47,53.8
2508,41:48,54
2509,41:49,54
2510,41:50,53.8
2511,41:51,53.8
2512,41:52,53.8
2513,41:53,53.8
2514,41:54,53.8
2515,41:55,53.5
2517,41:57,53.8
2518,41:58,53.5
2519,41:59,53.5
2520,42:00,53.5
2521,42:01,53.5
2523,42:03,53.3
2524,42:04,53.5
2525,42:05,52.5
2526,42:06,53.5
2527,42:07,53.3
2528,42:08,53.3
2529,42:09,53
2530,42:10,53
2531,42:11,53.3
2532,42:12,53
2534,42:14,52.8
2535,42:15,53
2536,42:16,53.3
2537,42:17,52.8
2538,42:18,53
2539,42:19,52.8
2540,42:20,53
2541,42:21,52.8
2542,42:22,53
2543,42:23,52.5
2545,42:25,53
2546,42:26,52.5
2547,42:27,52.5
2548,42:28,52.3
2549,42:29,52.8
2551,42:31,52.3
2552,42:32,52.5
2553,42:33,52.3
2554,42:34,52.5
2555,42:35,52.8
2556,42:36,52.3
2557,42:37,52.3
2558,42:38,52.5
2559,42:39,51.8
2560,42:40,52.3
2562,42:42,52.3
2563,42:43,52.3
2564,42:44,52.3
2565,42:45,51.8
2566,42:46,52.3
2567,42:47,51.8
2568,42:48,51.8
2570,42:50,52
2571,42:51,52
2572,42:52,52
2573,42:53,51.8
2574,42:54,51.5
2576,42:56,52
2578,42:58,51.8
2579,42:59,51.8
2580,43:00,52
2582,43:02,51.3
2583,43:03,51.3
2584,43:04,51.8
2585,43:05,51.3
2586,43:06,51.3
2587,43:07,51.8
2588,43:08,51.8
2589,43:09,51.8
2590,43:10,51.8
2591,43:11,50.8
2593,43:13,51.5
2594,43:14,51.5
2595,43:15,51.3
2596,43:16,51.3
2597,43:17,51.5
2598,43:18,51.3
2599,43:19,51
2601,43:21,51.3
2602,43:22,51.5
2603,43:23,51.3
2604,43:24,51.5
2605,43:25,51.5
2606,43:26,51.3
2607,43:27,51.3
2608,43:28,51
2609,43:29,51.3
2610,43:30,51
2612,43:32,51
2613,43:33,51
2614,43:34,50.8
2615,43:35,51.3
2616,43:36,50.5
2617,43:37,51
2618,43:38,50.5
2620,43:40,50.3
2621,43:41,50.8
2622,43:42,51
2623,43:43,50.8
2624,43:44,50.3
2625,43:45,50.5
2626,43:46,50.5
2627,43:47,50.3
2628,43:48,50
2629,43:49,50.5
2631,43:51,50.5
2632,43:52,50.3
2633,43:53,50.5
2634,43:54,50.5
2635,43:55,50
2636,43:56,50.5
2638,43:58,50.5
2639,43:59,50.5
2640,44:00,50.5
2641,44:01,50.5
2642,44:02,49.8
2643,44:03,50.5
2644,44:04,50
2646,44:06,50.3
2647,44:07,50
2648,44:08,50
2649,44:09,49.8
2650,44:10,50.3
2651,44:11,49.5
2652,44:12,50
2653,44:13,50
2654,44:14,50.3
2655,44:15,50
2656,44:16,49.8
2658,44:18,49.8
2659,44:19,50
2660,44:20,50
2661,44:21,49.5
2662,44:22,49.8
2663,44:23,49.8
2665,44:25,50
2666,44:26,49.8
2667,44:27,49.3
2668,44:28,50
2669,44:29,49.8
2671,44:31,49.8
2672,44:32,49.3
2673,44:33,49.5
2674,44:34,49.3
2675,44:35,49
2676,44:36,49.8
2678,44:38,49.5
2679,44:39,49.8
2680,44:40,49.5
2681,44:41,48.5
2682,44:42,49.5
2683,44:43,49
2685,44:45,49.5
2686,44:46,49.5
2687,44:47,49.3
2688,44:48,49.3
2689,44:49,48.5
2690,44:50,49
2691,44:51,49.3
2692,44:52,49.3
2693,44:53,49
2695,44:55,49.5
2696,44:56,49.3
2697,44:57,49
2698,44:58,49.3
2699,44:59,48.8
2700,45:00,48.8
2701,45:01,48.8
2702,45:02,49.3
2703,45:03,49.3
2705,45:05,48.8
2706,45:06,48.5
2707,45:07,48.8
2708,45:08,48.5
2709,45:09,48.5
2710,45:10,48.5
2712,45:12,48.5
2713,45:13,48.5
2714,45:14,49
2715,45:15,49
2716,45:16,48.8
2717,45:17,48.8
2718,45:18,48.5
2719,45:19,48.5
2720,45:20,48.8
2721,45:21,48.8
2722,45:22,48.3
2724,45:24,48.3
2725,45:25,48.3
2726,45:26,48
2727,45:27,48.5
2728,45:28,48.8
2729,45:29,48.3
2730,45:30,48.3
2732,45:32,48.3
2733,45:33,48.5
2734,45:34,48.5
2735,45:35,47.5
2736,45:36,48.5
2737,45:37,48
2738,45:38,48
2740,45:40,47.8
2741,45:41,48.5
2742,45:42,48
2743,45:43,47.8
2744,45:44,48
2745,45:45,48.5
2747,45:47,48
2748,45:48,47.8
2749,45:49,48
2750,45:50,48
2751,45:51,48.3
2752,45:52,48
2754,45:54,48.3
2755,45:55,47.5
2756,45:56,48.3
2757,45:57,47.8
2758,45:58,47.5
2760,46:00,48
2761,46:01,47.5
2762,46:02,47.3
2763,46:03,47.8
2764,46:04,48
2765,46:05,47.8
2766,46:06,47.8
2767,46:07,47.8
2768,46:08,47.8
2769,46:09,47.3
2770,46:10,47.5
2772,46:12,47.5
2773,46:13,47.3
2774,46:14,47.5
2775,46:15,47
2776,46:16,47
2777,46:17,47.3
2778,46:18,47.3
2780,46:20,47.3
2781,46:21,47
2782,46:22,46.5
2783,46:23,47.5
2784,46:24,47.3
2785,46:25,47.3
2786,46:26,47.3
2787,46:27,47.3
2789,46:29,47
2790,46:30,47
2791,46:31,47
2792,46:32,46.8
2793,46:33,46.8
2794,46:34,47.3
2795,46:35,47.3
2796,46:36,47
2798,46:38,46.8
2799,46:39,47
2800,46:40,46.3
2801,46:41,47
2802,46:42,46.8
2803,46:43,47.3
2804,46:44,47
2805,46:45,46.5
2807,46:47,46.8
2808,46:48,46.5
2809,46:49,47
2810,46:50,46.8
2811,46:51,47
2812,46:52,46.3
2813,46:53,46.5
2814,46:54,46.5
2816,46:56,46.8
2817,46:57,47
2818,46:58,46
2819,46:59,46.8
2820,47:00,46.8
2821,47:01,46.3
2822,47:02,46.8
2823,47:03,46.8
2825,47:05,46.3
2826,47:06,46.8
2827,47:07,46.3
2828,47:08,46.8
2829,47:09,46.8
2830,47:10,45.8
2831,47:11,46
2832,47:12,46.8
2833,47:13,46.3
2835,47:15,46.3
2836,47:16,46.5
2837,47:17,46.3
2838,47:18,46.5
2839,47:19,46
2840,47:20,45.8
2841,47:21,46.3
2842,47:22,46.3
2843,47:23,45.8
2845,47:25,46
2846,47:26,46
2847,47:27,46
2848,47:28,45.8
2849,47:29,45.8
2850,47:30,45.8
2851,47:31,46
2852,47:32,46.3
2853,47:33,45.8
2854,47:34,46.3
2855,47:35,45.5
2857,47:37,46
2858,47:38,45.8
2859,47:39,46
2860,47:40,45.8
2861,47:41,45.3
2862,47:42,45.5
2863,47:43,45.8
2864,47:44,45.8
2866,47:46,45.5
2867,47:47,45.8
2868,47:48,45
2869,47:49,45.3
2870,47:50,45.3
2872,47:52,45.8
2873,47:53,45.8
2874,47:54,45.5
2875,47:55,45.5
2876,47:56,45.5
2877,47:57,45.8
2878,47:58,45.5
2879,47:59,45.5
2881,48:01,45.5
2882,48:02,45.3
2883,48:03,45.3
2884,48:04,45
2885,48:05,45.5
2886,48:06,45
2887,48:07,45.5
2889,48:09,45.3
2890,48:10,45.3
2891,48:11,45.5
2892,48:12,45.5
2893,48:13,45.5
2894,48:14,45
2895,48:15,45.3
2896,48:16,44.8
2897,48:17,45.5
2898,48:18,45.3
2899,48:19,45.3
2900,48:20,45.3
2901,48:21,45.3
2903,48:23,45
2904,48:24,45.3
2905,48:25,45.3
2906,48:26,45.3
2907,48:27,45
2908,48:28,44.8
2909,48:29,45
2911,48:31,45
2912,48:32,45
2913,48:33,44.8
2914,48:34,45
2915,48:35,44.5
2916,48:36,44.8
2917,48:37,44.8
2918,48:38,44.8
2919,48:39,45
2921,48:41,44.8
2922,48:42,44.8
2923,48:43,45
2924,48:44,45
2925,48:45,45
2926,48:46,44.8
2927,48:47,44.5
2928,48:48,44.8
2929,48:49,45
2930,48:50,44.5
2931,48:51,44.8
2932,48:52,44.5
2933,48:53,44.8
2934,48:54,44.5
2936,48:56,44
2937,48:57,44
2938,48:58,44.5
2939,48:59,44
2940,49:00,44.5
2941,49:01,44.5
2942,49:02,44.5
2943,49:03,44
2945,49:05,44.3
2946,49:06,44.3
2947,49:07,44
2948,49:08,44.5
2949,49:09,44.8
2950,49:10,44.5
2952,49:12,44.3
2953,49:13,44.5
2954,49:14,44.5
2955,49:15,44.3
2956,49:16,44.3
2957,49:17,44
2958,49:18,44.3
2959,49:19,44.3
2961,49:21,43.8
2962,49:22,44
2963,49:23,44.5
2964,49:24,43.8
2965,49:25,44
2966,49:26,44
2968,49:28,44
2969,49:29,44
2970,49:30,44
2971,49:31,44
2972,49:32,44
2973,49:33,43.5
2974,49:34,44.3
2975,49:35,44
2977,49:37,44
2978,49:38,43.5
2979,49:39,44
2980,49:40,44
2981,49:41,44
2982,49:42,43.8
2983,49:43,44
2984,49:44,43.8
2985,49:45,44
2986,49:46,43.3
2988,49:48,44
2989,49:49,44
2990,49:50,43.8
2991,49:51,43.8
2992,49:52,43
2993,49:53,43.3
2994,49:54,43.8
2996,49:56,43.8
2997,49:57,43.3
2998,49:58,43.5
2999,49:59,43.8
3000,50:00,43.8
3001,50:01,43.8
3003,50:03,43.5
3004,50:04,43.3
3005,50:05,43.8
3006,50:06,43.5
3007,50:07,43
3008,50:08,43.5
3009,50:09,43.5
3010,50:10,42.8
3011,50:11,43.3
3012,50:12,43
3013,50:13,43.5
3015,50:15,43
3016,50:16,43.5
3017,50:17,43
3018,50:18,43.3
3019,50:19,43.5
3020,50:20,43.5
3021,50:21,43.5
3022,50:22,42.5
3023,50:23,43.5
3025,50:25,43.5
3026,50:26,43.5
3027,50:27,42.8
3028,50:28,43.3
3029,50:29,42.8
3030,50:30,43
3031,50:31,43
3032,50:32,43.3
3034,50:34,43
3035,50:35,43.3
3036,50:36,43.3
3037,50:37,42.8
3038,50:38,43
3039,50:39,43.3
3040,50:40,43.3
3041,50:41,43.3
3042,50:42,43.3
3043,50:43,42.5
3045,50:45,43
3046,50:46,42.8
3047,50:47,42.8
3048,50:48,42.5
3049,50:49,42.8
3050,50:50,42.8
3051,50:51,42.5
3053,50:53,42.5
3054,50:54,43
3055,50:55,43
3056,50:56,42.8
3057,50:57,43
3058,50:58,43
3059,50:59,42.5
3060,51:00,42.5
3061,51:01,42.8
3063,51:03,42.3
3064,51:04,43
3065,51:05,42.8
3066,51:06,42.8
3067,51:07,42.5
3069,51:09,42.3
3070,51:10,42.5
3071,51:11,42.8
3072,51:12,42.3
3073,51:13,42.5
3074,51:14,42.8
3075,51:15,42.3
3077,51:17,42.5
3078,51:18,42.5
3079,51:19,42.3
3080,51:20,42.5
3081,51:21,42.5
3082,51:22,42.3
3083,51:23,42.3
3084,51:24,42.5
3085,51:25,42.3
3086,51:26,42.3
3088,51:28,42.3
3089,51:29,42.5
3090,51:30,42.3
3091,51:31,42
3092,51:32,41.8
3093,51:33,42.3
3094,51:34,41.8
3095,51:35,41.8
3096,51:36,42
3097,51:37,42.3
3098,51:38,42.3
3100,51:40,42.3
3101,51:41,42.3
3102,51:42,42.3
3103,51:43,41.8
3104,51:44,42.3
3105,51:45,41.8
3107,51:47,42
3108,51:48,41.8
3109,51:49,42.3
3110,51:50,42
3111,51:51,42.3
3112,51:52,42
3113,51:53,42
3114,51:54,42
3116,51:56,42
3117,51:57,42
3118,51:58,41.8
3119,51:59,41.8
3120,52:00,41.8
